{
  "gizmos-infos": {
    "is2D": true,
    "is3DIcon": false,
    "iconSize": 2,
    "gridVisible": true,
    "gridColor": [
      166,
      166,
      166,
      255
    ],
    "transformToolName": "position",
    "pivot": "pivot",
    "coordinate": "local",
    "toolsVisibility3d": true
  },
  "__version__": "1.0.0",
  "builder": {
    "taskOptionsMap": {},
    "__version__": "1.3.7"
  },
  "snap-configs": {
    "position": {
      "x": 1,
      "y": 1,
      "z": 1
    },
    "rotation": 1,
    "scale": 1,
    "isPositionSnapEnabled": false,
    "isRotationSnapEnabled": false,
    "isScaleSnapEnabled": false
  },
  "rect-snap-configs": {
    "enableSnapping": true,
    "snapThreshold": 4
  },
  "camera-infos": {
    "bc7103a8-5bb6-4a14-93a6-6cfe8d3615f0": {
      "position": {
        "x": 360,
        "y": 640.0000000000001,
        "z": 5000
      },
      "rotation": {
        "x": 0,
        "y": 0,
        "z": 0,
        "w": 1
      },
      "viewCenter": {
        "x": 0,
        "y": 0,
        "z": 0
      },
      "contentRect": {
        "x": 260.85325264750384,
        "y": 557.8940998487142,
        "width": 371.8125,
        "height": 661
      },
      "scale": 0.51640625
    },
    "b678cfb2-c2a6-497f-bfd8-e31b004180e7": {
      "position": {
        "x": 356.3952756810574,
        "y": 642.1043262690425,
        "z": 5000
      },
      "rotation": {
        "x": 0,
        "y": 0,
        "z": 0,
        "w": 1
      },
      "viewCenter": {
        "x": 0,
        "y": 0,
        "z": 0
      },
      "contentRect": {
        "x": 251.0583536411127,
        "y": 607.1951418553315,
        "width": 106.6845703125,
        "height": 50.40000000000009
      },
      "scale": 0.7791645796604997
    },
    "7c45bacb-830e-4f30-8d0d-01c1e6da973d": {
      "position": {
        "x": 360,
        "y": 640,
        "z": 5000
      },
      "rotation": {
        "x": 0,
        "y": 0,
        "z": 0,
        "w": 1
      },
      "viewCenter": {
        "x": 0,
        "y": 0,
        "z": 0
      },
      "contentRect": {
        "x": 277.9252014160156,
        "y": 612.8,
        "width": 164.14959716796875,
        "height": 54.40000000000009
      },
      "scale": 1
    },
    "f0a480a6-0abc-4e89-8cb2-f2007e501d21": {
      "position": {
        "x": 360,
        "y": 640.0000000000001,
        "z": 5000
      },
      "rotation": {
        "x": 0,
        "y": 0,
        "z": 0,
        "w": 1
      },
      "viewCenter": {
        "x": 0,
        "y": 0,
        "z": 0
      },
      "contentRect": {
        "x": 201.06544298411498,
        "y": 587.3282904689863,
        "width": 371.8125,
        "height": 661
      },
      "scale": 0.51640625
    },
    "039b5481-acff-48fe-a119-75667ac03550": {
      "position": {
        "x": 309.9308762232472,
        "y": 721.5030789877935,
        "z": 5000
      },
      "rotation": {
        "x": 0,
        "y": 0,
        "z": 0,
        "w": 1
      },
      "viewCenter": {
        "x": 0,
        "y": 0,
        "z": 0
      },
      "contentRect": {
        "x": -152.10244689940654,
        "y": -99.88949545247962,
        "width": 371.8125,
        "height": 661
      },
      "scale": 0.4023654587152979
    },
    "39e30d7a-c91b-4e2d-9788-618c9f80dd38": {
      "position": {
        "x": 205.73841019339304,
        "y": 1013.2074510375307,
        "z": 5000
      },
      "rotation": {
        "x": 0,
        "y": 0,
        "z": 0,
        "w": 1
      },
      "viewCenter": {
        "x": 0,
        "y": 0,
        "z": 0
      },
      "contentRect": {
        "x": 159.8878517845161,
        "y": 998.0123459597485,
        "width": 124.69150000000005,
        "height": 93.27999999999997
      },
      "scale": 1.790050141855943
    },
    "eef5ad98-4b2f-454c-8c7c-754bd87fa341": {
      "position": {
        "x": 195.03759152627146,
        "y": 845.9230908354411,
        "z": 5000
      },
      "rotation": {
        "x": 0,
        "y": 0,
        "z": 0,
        "w": 1
      },
      "viewCenter": {
        "x": 0,
        "y": 0,
        "z": 0
      },
      "contentRect": {
        "x": 167.90002763546158,
        "y": 825.6218516993755,
        "width": 123.22850000000003,
        "height": 63.56819742489279
      },
      "scale": 2.297396709994052
    },
    "b79e033e-59f3-44b2-88c7-093d9ddcf24a": {
      "position": {
        "x": 200.53324999999995,
        "y": 691.693,
        "z": 5000
      },
      "rotation": {
        "x": 0,
        "y": 0,
        "z": 0,
        "w": 1
      },
      "viewCenter": {
        "x": 0,
        "y": 0,
        "z": 0
      },
      "contentRect": {
        "x": 138.18749999999994,
        "y": 645.053,
        "width": 124.69150000000005,
        "height": 93.27999999999997
      },
      "scale": 1
    },
    "0581def9-9d8d-4e44-9f95-b2f333eb1524": {
      "position": {
        "x": -150.6253290060789,
        "y": 537.453533922628,
        "z": 5000
      },
      "rotation": {
        "x": 0,
        "y": 0,
        "z": 0,
        "w": 1
      },
      "viewCenter": {
        "x": 0,
        "y": 0,
        "z": 0
      },
      "contentRect": {
        "x": -204.77450200940916,
        "y": 519.5082263361165,
        "width": 102.39999999999998,
        "height": 84.79999999999995
      },
      "scale": 1.5157165665103816
    },
    "c10e6192-1804-4b62-bd80-f49b0b35e7fa": {
      "position": {
        "x": 573.173501686864,
        "y": 758.2620719580129,
        "z": 5000
      },
      "rotation": {
        "x": 0,
        "y": 0,
        "z": 0,
        "w": 1
      },
      "viewCenter": {
        "x": 0,
        "y": 0,
        "z": 0
      },
      "contentRect": {
        "x": 206.3690344158488,
        "y": 636.7012313357552,
        "width": 57,
        "height": 60
      },
      "scale": 0.22375626773199309
    },
    "85d05e04-d527-4966-8db2-7c7ef3348690": {
      "position": {
        "x": 271.321,
        "y": 447.679,
        "z": 5000
      },
      "rotation": {
        "x": 0,
        "y": 0,
        "z": 0,
        "w": 1
      },
      "viewCenter": {
        "x": 0,
        "y": 0,
        "z": 0
      },
      "contentRect": {
        "x": 162.57100000000003,
        "y": 338.179,
        "width": 217.5,
        "height": 219
      },
      "scale": 1
    },
    "f51f1ee0-6d5e-4012-9b29-4e89ce78ad47": {
      "position": {
        "x": 323.4252014160156,
        "y": 662.3,
        "z": 5000
      },
      "rotation": {
        "x": 0,
        "y": 0,
        "z": 0,
        "w": 1
      },
      "viewCenter": {
        "x": 0,
        "y": 0,
        "z": 0
      },
      "contentRect": {
        "x": 277.9252014160156,
        "y": 612.8,
        "width": 91,
        "height": 99
      },
      "scale": 1
    },
    "4e0bd63b-b582-4711-8d4a-281a17e31f05": {
      "position": {
        "x": 507.071071265544,
        "y": 587.786834180321,
        "z": 5000
      },
      "rotation": {
        "x": 0,
        "y": 0,
        "z": 0,
        "w": 1
      },
      "viewCenter": {
        "x": 0,
        "y": 0,
        "z": 0
      },
      "contentRect": {
        "x": 409.8055765243154,
        "y": 490.5213394390924,
        "width": 100,
        "height": 100
      },
      "scale": 0.514056913328033
    },
    "6462ad8a-ffd3-4c45-9626-e0775b2913e8": {
      "position": {
        "x": 391.6995164782767,
        "y": 680.3971262760774,
        "z": 5000
      },
      "rotation": {
        "x": 0,
        "y": 0,
        "z": 0,
        "w": 1
      },
      "viewCenter": {
        "x": 0,
        "y": 0,
        "z": 0
      },
      "contentRect": {
        "x": -110.40820340786937,
        "y": -212.23882018818213,
        "width": 362.8125,
        "height": 645
      },
      "scale": 0.3612895058477377
    },
    "7e85dd03-289e-49f7-a0ad-0bd80686fc3a": {
      "position": {
        "x": 360,
        "y": 640,
        "z": 5000
      },
      "rotation": {
        "x": 0,
        "y": 0,